<?xml version="1.0"?><!DOCTYPE Configure PUBLIC "-//Jetty//Configure//EN" "http://www.eclipse.org/jetty/configure_9_3.dtd">

<!-- =============================================================== -->
<!-- Documentation of this file format can be found at:              -->
<!-- https://www.eclipse.org/jetty/documentation/current/            -->
<!--                                                                 -->
<!-- Additional configuration files are available in $JETTY_HOME/etc -->
<!-- and can be mixed in. See start.ini file for the default         -->
<!-- configuration files.                                            -->
<!--                                                                 -->
<!-- For a description of the configuration mechanism, see the       -->
<!-- output of:                                                      -->
<!--   java -jar start.jar -?                                        -->
<!-- =============================================================== -->

<!-- =============================================================== -->
<!-- Configure a Jetty Server instance with an ID "Server"           -->
<!-- Other configuration files may also configure the "Server"       -->
<!-- ID, in which case they are adding configuration to the same     -->
<!-- instance.  If other configuration have a different ID, they     -->
<!-- will create and configure another instance of Jetty.            -->
<!-- Consult the javadoc of o.e.j.server.Server for all              -->
<!-- configuration that may be set here.                             -->
<!-- =============================================================== -->
<Configure id="Server" class="org.eclipse.jetty.server.Server">
	<Arg name="threadpool">
		<New id="threadPool" class="org.eclipse.jetty.util.thread.QueuedThreadPool">
			<Set name="minThreads" type="int"><Property name="jetty.threadPool.minThreads" deprecated="threads.min" default="10"/></Set>
			<Set name="maxThreads" type="int"><Property name="jetty.threadPool.maxThreads" deprecated="threads.max" default="200"/></Set>
			<Set name="reservedThreads" type="int"><Property name="jetty.threadPool.reservedThreads" default="-1"/></Set>
			<Set name="idleTimeout" type="int"><Property name="jetty.threadPool.idleTimeout" deprecated="threads.timeout" default="60000"/></Set>
			<Set name="detailedDump" type="boolean"><Property name="jetty.threadPool.detailedDump" default="false"/></Set>
		</New>
	</Arg>
	
	
	<!-- =========================================================== -->
	<!-- Http Configuration.                                         -->
	<!-- This is a common configuration instance used by all         -->
	<!-- connectors that can carry HTTP semantics (HTTP, HTTPS, etc.)-->
	<!-- It configures the non wire protocol aspects of the HTTP     -->
	<!-- semantic.                                                   -->
	<!--                                                             -->
	<!-- This configuration is only defined here and is used by      -->
	<!-- reference from other XML files such as jetty-http.xml,      -->
	<!-- jetty-https.xml and other configuration files which         -->
	<!-- instantiate the connectors.                                 -->
	<!--                                                             -->
	<!-- Consult the javadoc of o.e.j.server.HttpConfiguration       -->
	<!-- for all configuration that may be set here.                 -->
	<!-- =========================================================== -->
	<New id="httpConfig" class="org.eclipse.jetty.server.HttpConfiguration">
		<Set name="secureScheme"><Property name="jetty.httpConfig.secureScheme" default="https"/></Set>
		<Set name="securePort"><Property name="jetty.httpConfig.securePort" deprecated="jetty.secure.port" default="8443"/></Set>
		<Set name="outputBufferSize"><Property name="jetty.httpConfig.outputBufferSize" deprecated="jetty.output.buffer.size" default="32768"/></Set>
		<Set name="outputAggregationSize"><Property name="jetty.httpConfig.outputAggregationSize" deprecated="jetty.output.aggregation.size" default="8192"/></Set>
		<Set name="requestHeaderSize"><Property name="jetty.httpConfig.requestHeaderSize" deprecated="jetty.request.header.size" default="8192"/></Set>
		<Set name="responseHeaderSize"><Property name="jetty.httpConfig.responseHeaderSize" deprecated="jetty.response.header.size" default="8192"/></Set>
		<Set name="sendServerVersion"><Property name="jetty.httpConfig.sendServerVersion" deprecated="jetty.send.server.version" default="true"/></Set>
		<Set name="sendDateHeader"><Property name="jetty.httpConfig.sendDateHeader" deprecated="jetty.send.date.header" default="false"/></Set>
		<Set name="headerCacheSize"><Property name="jetty.httpConfig.headerCacheSize" default="1024"/></Set>
		<Set name="delayDispatchUntilContent"><Property name="jetty.httpConfig.delayDispatchUntilContent" deprecated="jetty.delayDispatchUntilContent" default="true"/></Set>
		<Set name="maxErrorDispatches"><Property name="jetty.httpConfig.maxErrorDispatches" default="10"/></Set>
		<Set name="blockingTimeout"><Property deprecated="jetty.httpConfig.blockingTimeout" name="jetty.httpConfig.blockingTimeout.DEPRECATED" default="-1"/></Set>
		<Set name="persistentConnectionsEnabled"><Property name="jetty.httpConfig.persistentConnectionsEnabled" default="true"/></Set>
		<Set name="requestCookieCompliance"><Call class="org.eclipse.jetty.http.CookieCompliance" name="valueOf"><Arg><Property name="jetty.httpConfig.requestCookieCompliance" deprecated="jetty.httpConfig.cookieCompliance" default="RFC6265"/></Arg></Call></Set>
		<Set name="responseCookieCompliance"><Call class="org.eclipse.jetty.http.CookieCompliance" name="valueOf"><Arg><Property name="jetty.httpConfig.responseCookieCompliance" default="RFC6265"/></Arg></Call></Set>
		<Set name="multiPartFormDataCompliance"><Call class="org.eclipse.jetty.server.MultiPartFormDataCompliance" name="valueOf"><Arg><Property name="jetty.httpConfig.multiPartFormDataCompliance" default="RFC7578"/></Arg></Call></Set>
	</New>
    
	<!-- SSL context factory which defines the keystore with the certificate in it and the different SSL protocols and ciphers -->
	<New id="sslContextFactory" class="org.eclipse.jetty.util.ssl.SslContextFactory">
		<Set name="KeyStorePath">keys/eftlink-rest-api.keystore</Set>
		<Set name="KeyStorePassword">ObfuscatedPasswordHere</Set>
		<Set name="KeyStoreType"><Property name="jetty.sslContext.keyStoreType" default="JKS"/></Set>
		<Set name="KeyStoreProvider"><Property name="jetty.sslContext.keyStoreProvider"/></Set>
		<Set name="KeyManagerPassword">ObfuscatedPasswordHere</Set>
		<Set name="TrustStorePath">keys/eftlink-rest-api.keystore</Set>
		<Set name="TrustStorePassword">ObfuscatedPasswordHere</Set>
		<Set name="TrustStoreType"><Property name="jetty.sslContext.trustStoreType"/></Set>
		<Set name="RenegotiationAllowed"><Property name="jetty.sslContext.renegotiationAllowed" default="true"/></Set>
		<Set name="RenegotiationLimit"><Property name="jetty.sslContext.renegotiationLimit" default="5"/></Set>
  		
		<Set name="IncludeCipherSuites">
			<Array type="java.lang.String">
				<Item>TLS_ECDHE_ECDSA_WITH_AES_128_GCM_SHA256</Item>
				<Item>TLS_ECDHE_ECDSA_WITH_AES_256_GCM_SHA384</Item>
				<Item>TLS_ECDHE_RSA_WITH_AES_128_GCM_SHA256</Item>
				<Item>TLS_AES_128_GCM_SHA256</Item>
				<Item>TLS_AES_256_GCM_SHA384</Item>
				<Item>TLS_ECDHE_RSA_WITH_AES_256_GCM_SHA384</Item>
				<Item>TLS_DHE_RSA_WITH_AES_128_GCM_SHA256</Item>
				<Item>TLS_DHE_DSS_WITH_AES_256_GCM_SHA384</Item>
				<Item>TLS_DHE_DSS_WITH_AES_128_GCM_SHA256</Item>
				<Item>TLS_DHE_RSA_WITH_AES_256_GCM_SHA384</Item>
			</Array>
		</Set>
		<Set name="ExcludeCipherSuites">
			<Array type="java.lang.String">
				<Item>TLS_ECDH_anon_WITH_NULL_SHA</Item>
				<Item>TLS_ECDHE_RSA_WITH_NULL_SHA</Item>
				<Item>TLS_ECDHE_ECDSA_WITH_NULL_SHA</Item>
				<Item>TLS_GOSTR341001_WITH_NULL_GOSTR3411</Item>
				<Item>TLS_GOSTR341094_WITH_NULL_GOSTR3411</Item>
				<Item>TLS_ECDH_RSA_WITH_NULL_SHA</Item>
				<Item>TLS_ECDH_ECDSA_WITH_NULL_SHA</Item>
				<Item>TLS_RSA_WITH_NULL_SHA256</Item>
				<Item>TLS_RSA_WITH_NULL_SHA</Item>
				<Item>TLS_RSA_WITH_NULL_MD5</Item>
				<Item>TLS_ECDH_anon_WITH_AES_256_CBC_SHA</Item>
				<Item>TLS_DH_anon_WITH_AES_256_GCM_SHA384</Item>
				<Item>TLS_DH_anon_WITH_AES_256_CBC_SHA256</Item>
				<Item>TLS_DH_anon_WITH_AES_256_CBC_SHA</Item>
				<Item>TLS_DH_anon_WITH_CAMELLIA_256_CBC_SHA256</Item>
				<Item>TLS_DH_anon_WITH_CAMELLIA_256_CBC_SHA</Item>
				<Item>TLS_ECDH_anon_WITH_AES_128_CBC_SHA</Item>
				<Item>TLS_DH_anon_WITH_AES_128_GCM_SHA256</Item>
				<Item>TLS_DH_anon_WITH_AES_128_CBC_SHA256</Item>
				<Item>TLS_DH_anon_WITH_AES_128_CBC_SHA</Item>
				<Item>TLS_DH_anon_WITH_CAMELLIA_128_CBC_SHA256</Item>
				<Item>TLS_DH_anon_WITH_CAMELLIA_128_CBC_SHA</Item>
				<Item>TLS_ECDH_anon_WITH_RC4_128_SHA</Item>
				<Item>TLS_DH_anon_WITH_RC4_128_MD5</Item>
				<Item>TLS_ECDH_anon_WITH_3DES_EDE_CBC_SHA</Item>
				<Item>TLS_DH_anon_WITH_3DES_EDE_CBC_SHA</Item>
				<Item>TLS_DH_anon_WITH_DES_CBC_SHA</Item>
				<Item>SSL_RSA_EXPORT_WITH_RC4_40_MD5</Item>
				<Item>SSL_RSA_EXPORT_WITH_RC2_CBC_40_MD5</Item>
				<Item>SSL_RSA_EXPORT_WITH_DES40_CBC_SHA</Item>
				<Item>SSL_DH_DSS_EXPORT_WITH_DES40_CBC_SHA</Item>
				<Item>SSL_DH_RSA_EXPORT_WITH_DES40_CBC_SHA</Item>
				<Item>TLS_DH_DSS_EXPORT_WITH_DES40_CBC_SHA</Item>
				<Item>TLS_DH_RSA_EXPORT_WITH_DES40_CBC_SHA</Item>
				<Item>SSL_DHE_DSS_EXPORT_WITH_DES40_CBC_SHA</Item>
				<Item>SSL_DHE_RSA_EXPORT_WITH_DES40_CBC_SHA</Item>
				<Item>SSL_DH_anon_EXPORT_WITH_RC4_40_MD5</Item>
				<Item>SSL_DH_anon_EXPORT_WITH_DES40_CBC_SHA</Item>
				<Item>TLS_KRB5_EXPORT_WITH_DES_CBC_40_SHA</Item>
				<Item>TLS_KRB5_EXPORT_WITH_RC2_CBC_40_SHA</Item>
				<Item>TLS_KRB5_EXPORT_WITH_RC4_40_SHA</Item>
				<Item>TLS_KRB5_EXPORT_WITH_DES_CBC_40_MD5</Item>
				<Item>TLS_KRB5_EXPORT_WITH_RC2_CBC_40_MD5</Item>
				<Item>TLS_KRB5_EXPORT_WITH_RC4_40_MD5</Item>
				<Item>TLS_RSA_EXPORT_WITH_RC4_40_MD5</Item>
				<Item>TLS_RSA_EXPORT_WITH_RC2_CBC_40_MD5</Item>
				<Item>TLS_RSA_EXPORT_WITH_DES40_CBC_SHA</Item>
				<Item>TLS_DHE_DSS_EXPORT_WITH_DES40_CBC_SHA</Item>
				<Item>TLS_DHE_RSA_EXPORT_WITH_DES40_CBC_SHA</Item>
				<Item>TLS_DH_anon_EXPORT_WITH_RC4_40_MD5</Item>
				<Item>TLS_DH_anon_EXPORT_WITH_DES40_CBC_SHA</Item>
				<Item>TLS_RSA_EXPORT1024_WITH_DES_CBC_SHA</Item>
				<Item>TLS_RSA_EXPORT1024_WITH_RC4_56_SHA</Item>
				<Item>TLS_RSA_EXPORT1024_WITH_RC4_56_MD5</Item>
				<Item>TLS_RSA_EXPORT1024_WITH_RC2_CBC_56_MD5</Item>
				<Item>TLS_DHE_DSS_EXPORT1024_WITH_DES_CBC_SHA</Item>
				<Item>TLS_DHE_DSS_EXPORT1024_WITH_RC4_56_SHA</Item>
				<Item>SSL_CK_RC4_128_EXPORT40_WITH_MD5</Item>
				<Item>SSL_CK_RC2_128_CBC_EXPORT40_WITH_MD5</Item>
				<Item>SSL_CK_RC2_128_CBC_EXPORT40_WITH_MD5</Item>
				<Item>TLS_DHE_RSA_WITH_DES_CBC_SHA</Item>
				<Item>TLS_DHE_DSS_WITH_DES_CBC_SHA</Item>
				<Item>TLS_DH_anon_WITH_DES_CBC_SHA</Item>
				<Item>SSL_CK_DES_64_CBC_WITH_SHA</Item>
				<Item>TLS_DH_anon_WITH_RC4_128_MD5</Item>
				<Item>TLS_RSA_WITH_RC4_128_MD5</Item>
				<Item>TLS_RSA_WITH_NULL_MD5</Item>
				<Item>TLS_ECDHE_RSA_WITH_RC4_128_SHA</Item>
				<Item>TLS_ECDHE_ECDSA_WITH_RC4_128_SHA</Item>
				<Item>TLS_ECDH_anon_WITH_RC4_128_SHA</Item>
				<Item>TLS_ECDH_RSA_WITH_RC4_128_SHA</Item>
				<Item>TLS_ECDH_ECDSA_WITH_RC4_128_SHA</Item>
				<Item>TLS_RSA_WITH_RC4_128_SHA</Item>
				<Item>TLS_ECDH_anon_WITH_NULL_SHA</Item>
				<Item>TLS_ECDH_RSA_WITH_NULL_SHA</Item>
				<Item>TLS_ECDH_ECDSA_WITH_NULL_SHA</Item>
				<Item>TLS_PSK_WITH_AES_256_CBC_SHA</Item>
				<Item>TLS_PSK_WITH_AES_128_CBC_SHA</Item>
				<Item>TLS_PSK_WITH_3DES_EDE_CBC_SHA</Item>
				<Item>TLS_PSK_WITH_RC4_128_SHA</Item>
				<Item>TLS_RSA_EXPORT_WITH_RC2_CBC_40_MD5</Item>
				<Item>TLS_KRB5_EXPORT_WITH_RC2_CBC_40_SHA</Item>
				<Item>TLS_RSA_EXPORT1024_WITH_RC2_CBC_56_MD5</Item>
				<Item>SSL_CK_RC2_128_CBC_WITH_MD5</Item>
				<Item>SSL_CK_RC2_128_CBC_EXPORT40_WITH_MD5</Item>
				<Item>TLS_DH_RSA_WITH_AES_128_CBC_SHA256</Item>
				<Item>TLS_DH_RSA_WITH_AES_256_CBC_SHA256</Item>
				<Item>TLS_DH_DSS_WITH_AES_128_CBC_SHA256</Item>
				<Item>TLS_DH_DSS_WITH_AES_128_CBC_SHA</Item>
				<Item>TLS_DH_DSS_WITH_AES_256_CBC_SHA</Item>
				<Item>TLS_DH_DSS_WITH_AES_256_CBC_SHA256</Item>
				<Item>TLS_DH_RSA_WITH_AES_128_CBC_SHA</Item>
				<Item>TLS_DH_RSA_WITH_AES_256_CBC_SHA</Item>
				<Item>TLS_DH_DSS_WITH_AES_128_GCM_SHA256</Item>
				<Item>TLS_DH_DSS_WITH_AES_256_GCM_SHA384</Item>
				<Item>TLS_DH_RSA_WITH_AES_128_GCM_SHA256</Item>
				<Item>TLS_DH_RSA_WITH_AES_256_GCM_SHA384</Item>
				<Item>TLS_DH_DSS_WITH_3DES_EDE_CBC_SHA</Item>
				<Item>TLS_DH_RSA_WITH_3DES_EDE_CBC_SHA</Item>
				<Item>TLS_DHE_DSS_WITH_3DES_EDE_CBC_SHA</Item>
				<Item>TLS_DHE_RSA_WITH_3DES_EDE_CBC_SHA</Item>
				<Item>TLS_ECDH_RSA_WITH_3DES_EDE_CBC_SHA</Item>
				<Item>TLS_ECDH_ECDSA_WITH_3DES_EDE_CBC_SHA</Item>
				<Item>TLS_ECDHE_RSA_WITH_3DES_EDE_CBC_SHA</Item>
				<Item>TLS_ECDHE_ECDSA_WITH_3DES_EDE_CBC_SHA</Item>
				<Item>TLS_RSA_WITH_3DES_EDE_CBC_SHA</Item>
				<Item>TLS_AES_128_CCM_8_SHA256</Item>
				<Item>TLS_ECDHE_ECDSA_WITH_AES_256_CCM_8</Item>
				<Item>TLS_ECDHE_ECDSA_WITH_AES_128_CCM_8</Item>
				<Item>TLS_DHE_RSA_WITH_AES_256_CCM_8</Item>
				<Item>TLS_DHE_RSA_WITH_AES_128_CCM_8</Item>
				<Item>TLS_ECDHE_ECDSA_WITH_AES_128_CBC_SHA256</Item>
				<Item>TLS_ECDHE_RSA_WITH_AES_128_CBC_SHA256</Item>
				<Item>TLS_ECDHE_ECDSA_WITH_AES_256_CBC_SHA384</Item>
				<Item>TLS_ECDHE_RSA_WITH_AES_256_CBC_SHA384</Item>
				<Item>TLS_DHE_DSS_WITH_AES_128_CBC_SHA256</Item>
				<Item>TLS_DHE_DSS_WITH_AES_256_CBC_SHA256</Item>
				<Item>TLS_DHE_RSA_WITH_AES_256_CBC_SHA256</Item>
				<Item>TLS_DHE_RSA_WITH_AES_128_CBC_SHA256</Item>
				<Item>TLS_DHE_RSA_WITH_CAMELLIA_256_CBC_SHA256</Item>
				<Item>TLS_DHE_RSA_WITH_CAMELLIA_128_CBC_SHA256</Item>
				<Item>TLS_ECDHE_RSA_WITH_AES_128_CBC_SHA</Item>
				<Item>TLS_ECDHE_ECDSA_WITH_AES_128_CBC_SHA</Item>
				<Item>TLS_ECDHE_RSA_WITH_AES_256_CBC_SHA</Item>
				<Item>TLS_ECDHE_ECDSA_WITH_AES_256_CBC_SHA</Item>
				<Item>TLS_DHE_DSS_WITH_AES_128_CBC_SHA</Item>
				<Item>TLS_DHE_RSA_WITH_AES_128_CBC_SHA</Item>
				<Item>TLS_DHE_RSA_WITH_AES_256_CBC_SHA</Item>
				<Item>TLS_DHE_DSS_WITH_AES_256_CBC_SHA</Item>
				<Item>TLS_DHE_RSA_WITH_CAMELLIA_256_CBC_SHA</Item>
				<Item>TLS_DHE_RSA_WITH_CAMELLIA_128_CBC_SHA</Item>
				<Item>TLS_ECDH_ECDSA_WITH_AES_128_CBC_SHA256</Item>
				<Item>TLS_ECDH_RSA_WITH_AES_128_CBC_SHA256</Item>
				<Item>TLS_ECDH_RSA_WITH_AES_256_CBC_SHA384</Item>
				<Item>TLS_ECDH_ECDSA_WITH_AES_256_CBC_SHA384</Item>
				<Item>TLS_ECDH_ECDSA_WITH_AES_128_CBC_SHA</Item>
				<Item>TLS_ECDH_ECDSA_WITH_AES_256_CBC_SHA</Item>
				<Item>TLS_ECDH_RSA_WITH_AES_128_CBC_SHA</Item>
				<Item>TLS_ECDH_RSA_WITH_AES_256_CBC_SHA</Item>
				<Item>TLS_RSA_WITH_AES_128_GCM_SHA256</Item>
				<Item>TLS_RSA_WITH_AES_128_CCM</Item>
				<Item>TLS_RSA_WITH_AES_128_CCM_8</Item>
				<Item>TLS_RSA_WITH_AES_256_GCM_SHA384</Item>
				<Item>TLS_RSA_WITH_AES_256_CCM</Item>
				<Item>TLS_RSA_WITH_AES_256_CCM_8</Item>
				<Item>TLS_RSA_WITH_AES_128_CBC_SHA256</Item>
				<Item>TLS_RSA_WITH_AES_256_CBC_SHA256</Item>
				<Item>TLS_RSA_WITH_AES_128_CBC_SHA</Item>
				<Item>TLS_RSA_WITH_AES_256_CBC_SHA</Item>
				<Item>TLS_RSA_WITH_CAMELLIA_256_CBC_SHA</Item>
				<Item>TLS_RSA_WITH_CAMELLIA_128_CBC_SHA</Item>
				<Item>TLS_ECDH_ECDSA_WITH_AES_128_GCM_SHA256</Item>
				<Item>TLS_ECDH_ECDSA_WITH_AES_256_GCM_SHA384</Item>
				<Item>TLS_ECDH_RSA_WITH_AES_128_GCM_SHA256</Item>
				<Item>TLS_ECDH_RSA_WITH_AES_256_GCM_SHA384</Item>
				<Item>TLS_SRP_SHA_DSS_WITH_3DES_EDE_CBC_SHA</Item>
				<Item>TLS_SRP_SHA_DSS_WITH_AES_128_CBC_SHA</Item>
				<Item>TLS_SRP_SHA_DSS_WITH_AES_256_CBC_SHA</Item>
				<Item>TLS_SRP_SHA_RSA_WITH_3DES_EDE_CBC_SHA</Item>
				<Item>TLS_SRP_SHA_RSA_WITH_AES_128_CBC_SHA</Item>
				<Item>TLS_SRP_SHA_RSA_WITH_AES_256_CBC_SHA</Item>
				<Item>TLS_SRP_SHA_WITH_3DES_EDE_CBC_SHA</Item>
				<Item>TLS_SRP_SHA_WITH_AES_128_CBC_SHA</Item>
				<Item>TLS_SRP_SHA_WITH_AES_256_CBC_SHA</Item>
			</Array>
		</Set>
		<Set name="includeProtocols">
			<Array type="java.lang.String">
				<Item>TLSv1.2</Item>
				<Item>TLSv1.3</Item>
			</Array>
		</Set>
		<Set name="excludeProtocols">
			<Array type="java.lang.String">
				<Item>SSL</Item>
				<Item>SSLv2</Item>
				<Item>SSLv2Hello</Item>
				<Item>SSLv3</Item>
				<Item>SSLv3</Item>
				<Item>TLSv1</Item>
				<Item>TLSv1.1</Item>
			</Array>
		</Set>


		<!-- 
  		<Set name="TrustStoreProvider"><Property name="jetty.sslContext.trustStoreProvider"/></Set>
  		<Set name="EndpointIdentificationAlgorithm"><Property name="jetty.sslContext.endpointIdentificationAlgorithm"/></Set>
  		<Set name="NeedClientAuth"><Property name="jetty.sslContext.needClientAuth" deprecated="jetty.ssl.needClientAuth" default="false"/></Set>
  		<Set name="WantClientAuth"><Property name="jetty.sslContext.wantClientAuth" deprecated="jetty.ssl.wantClientAuth" default="false"/></Set>
  		<Set name="useCipherSuitesOrder"><Property name="jetty.sslContext.useCipherSuitesOrder" default="true"/></Set>
  		<Set name="sslSessionCacheSize"><Property name="jetty.sslContext.sslSessionCacheSize" default="-1"/></Set>
  		<Set name="sslSessionTimeout"><Property name="jetty.sslContext.sslSessionTimeout" default="-1"/></Set>
  		 -->
	</New>
  	
	<New id="sslHttpConfig" class="org.eclipse.jetty.server.HttpConfiguration">
		<Arg><Ref refid="httpConfig"/></Arg>
		<Call name="addCustomizer">
			<Arg>
				<New class="org.eclipse.jetty.server.SecureRequestCustomizer">

				</New>
			</Arg>
		</Call>
	</New>
  
 
  	
	<New id="sslConnector" class="org.eclipse.jetty.server.ServerConnector">
		<Arg name="server"><Ref refid="Server"/></Arg>
		<Arg name="sslContextFactory"><Ref refid="sslContextFactory"/></Arg>
		<Set name="port">8443</Set>
	</New>
    
    
	<Set name="connectors">
		<Array type="org.eclipse.jetty.server.Connector">
			<Item><Ref refid="sslConnector"/></Item>
		</Array>
	</Set>
    
  
    
    

	<!-- =========================================================== -->
	<!-- extra server options                                        -->
	<!-- =========================================================== -->
	<Set name="stopAtShutdown"><Property name="jetty.server.stopAtShutdown" default="true"/></Set>
	<Set name="stopTimeout"><Property name="jetty.server.stopTimeout" default="5000"/></Set>
	<Set name="dumpAfterStart"><Property name="jetty.server.dumpAfterStart" deprecated="jetty.dump.start" default="false"/></Set>
	<Set name="dumpBeforeStop"><Property name="jetty.server.dumpBeforeStop" deprecated="jetty.dump.stop" default="false"/></Set>

</Configure>
